{
  "gateway\\src\\index.ts": 1775997327.4918053,
  "gateway\\src\\router.ts": 1773889379.8548124,
  "gateway\\src\\agent\\plan-executor.ts": 1774884299.102453,
  "gateway\\src\\agent\\plan-repo.ts": 1774884299.102453,
  "gateway\\src\\agent\\plan.test.ts": 1774884299.102453,
  "gateway\\src\\ai\\provider.ts": 1775984917.966195,
  "gateway\\src\\ai\\vision.ts": 1774235596.404367,
  "gateway\\src\\auth\\email.ts": 1775290965.98839,
  "gateway\\src\\auth\\jwt.ts": 1775996461.19348,
  "gateway\\src\\auth\\link-device.ts": 1775841212.3266213,
  "gateway\\src\\auth\\middleware.ts": 1775996491.7511377,
  "gateway\\src\\cognitive\\action-tracking.test.ts": 1774884299.102453,
  "gateway\\src\\cognitive\\action-tracking.ts": 1774884299.102453,
  "gateway\\src\\cognitive\\advisor-context.test.ts": 1775841212.3266213,
  "gateway\\src\\cognitive\\advisor-context.ts": 1775855041.2112617,
  "gateway\\src\\cognitive\\ai-diary-stage.test.ts": 1775932904.6686187,
  "gateway\\src\\cognitive\\ai-diary-stage.ts": 1775932882.059724,
  "gateway\\src\\cognitive\\at-route-parser.test.ts": 1775931974.666272,
  "gateway\\src\\cognitive\\at-route-parser.ts": 1775932203.2477462,
  "gateway\\src\\cognitive\\auto-vocabulary.ts": 1774884299.109961,
  "gateway\\src\\cognitive\\compile-trigger.test.ts": 1775930175.5940504,
  "gateway\\src\\cognitive\\compile-trigger.ts": 1775932178.4572504,
  "gateway\\src\\cognitive\\daily-cycle.ts": 1776001687.5782714,
  "gateway\\src\\cognitive\\decision-template.test.ts": 1774884299.1104815,
  "gateway\\src\\cognitive\\decision-template.ts": 1774884299.1104815,
  "gateway\\src\\cognitive\\embed-writer.test.ts": 1775967152.7815402,
  "gateway\\src\\cognitive\\embed-writer.ts": 1775966799.22447,
  "gateway\\src\\cognitive\\full-compile-maintenance.test.ts": 1775932282.0500607,
  "gateway\\src\\cognitive\\full-compile-maintenance.ts": 1775932836.98009,
  "gateway\\src\\cognitive\\goal-auto-link.test.ts": 1775841212.3286846,
  "gateway\\src\\cognitive\\goal-auto-link.ts": 1775987988.3497078,
  "gateway\\src\\cognitive\\goal-linker.test.ts": 1775967133.8931746,
  "gateway\\src\\cognitive\\goal-linker.ts": 1775966894.7323735,
  "gateway\\src\\cognitive\\knowledge-lifecycle.test.ts": 1774884299.1104815,
  "gateway\\src\\cognitive\\knowledge-lifecycle.ts": 1775984198.0475898,
  "gateway\\src\\cognitive\\lightweight-classifier.test.ts": 1776073380.2024114,
  "gateway\\src\\cognitive\\lightweight-classifier.ts": 1776073328.5474105,
  "gateway\\src\\cognitive\\link-discovery-stage.test.ts": 1775932712.5711434,
  "gateway\\src\\cognitive\\link-discovery-stage.ts": 1775958808.22667,
  "gateway\\src\\cognitive\\maintenance.ts": 1775984182.5580473,
  "gateway\\src\\cognitive\\page-authorization.test.ts": 1776019248.5884235,
  "gateway\\src\\cognitive\\page-authorization.ts": 1775931729.0721805,
  "gateway\\src\\cognitive\\report.test.ts": 1775931974.666272,
  "gateway\\src\\cognitive\\report.ts": 1775855236.3242462,
  "gateway\\src\\cognitive\\self-evolution.test.ts": 1774884299.1150367,
  "gateway\\src\\cognitive\\self-evolution.ts": 1774884299.1150367,
  "gateway\\src\\cognitive\\smart-todo.test.ts": 1775984577.3073516,
  "gateway\\src\\cognitive\\tag-projector.ts": 1775841212.3286846,
  "gateway\\src\\cognitive\\todo-projector.test.ts": 1775984568.5438457,
  "gateway\\src\\cognitive\\todo-projector.ts": 1775966760.5941217,
  "gateway\\src\\cognitive\\vocabulary-sync.test.ts": 1774884299.1167083,
  "gateway\\src\\cognitive\\vocabulary-sync.ts": 1774884299.1167083,
  "gateway\\src\\cognitive\\vocabulary.ts": 1774884299.1167083,
  "gateway\\src\\cognitive\\wiki-compile-prompt.test.ts": 1776073707.2955678,
  "gateway\\src\\cognitive\\wiki-compile-prompt.ts": 1776073632.2222168,
  "gateway\\src\\cognitive\\wiki-compiler-links.test.ts": 1776073943.144811,
  "gateway\\src\\cognitive\\wiki-compiler-phase14.test.ts": 1776071862.4061577,
  "gateway\\src\\cognitive\\wiki-compiler.test.ts": 1776073788.798899,
  "gateway\\src\\cognitive\\wiki-compiler.ts": 1776074164.657839,
  "gateway\\src\\context\\anti-hallucination.ts": 1773889379.838018,
  "gateway\\src\\context\\loader.test.ts": 1775931974.6697943,
  "gateway\\src\\context\\loader.ts": 1775841212.3301013,
  "gateway\\src\\context\\tiers.ts": 1775841212.3301013,
  "gateway\\src\\db\\pool.test.ts": 1776071317.5140355,
  "gateway\\src\\db\\pool.ts": 1776070909.940816,
  "gateway\\src\\db\\repositories\\ai-diary.test.ts": 1775478909.608557,
  "gateway\\src\\db\\repositories\\ai-diary.ts": 1774971692.6946435,
  "gateway\\src\\db\\repositories\\app-release.ts": 1773889379.8400526,
  "gateway\\src\\db\\repositories\\app-user.ts": 1775290981.0844662,
  "gateway\\src\\db\\repositories\\chat-message.test.ts": 1775478077.530263,
  "gateway\\src\\db\\repositories\\chat-message.ts": 1775486034.2893896,
  "gateway\\src\\db\\repositories\\custom-skill.ts": 1773889379.8400526,
  "gateway\\src\\db\\repositories\\daily-briefing.ts": 1774884299.1167083,
  "gateway\\src\\db\\repositories\\device.ts": 1774884299.1167083,
  "gateway\\src\\db\\repositories\\email-verification.ts": 1775290961.2987943,
  "gateway\\src\\db\\repositories\\goal-page-factory.ts": 1776071441.2476847,
  "gateway\\src\\db\\repositories\\goal-wiki.test.ts": 1775742191.6175604,
  "gateway\\src\\db\\repositories\\goal.ts": 1775841212.3301013,
  "gateway\\src\\db\\repositories\\idea.ts": 1773889379.8417275,
  "gateway\\src\\db\\repositories\\index.ts": 1775966706.7536452,
  "gateway\\src\\db\\repositories\\memory.ts": 1776045948.491704,
  "gateway\\src\\db\\repositories\\notebook.test.ts": 1775478933.4481053,
  "gateway\\src\\db\\repositories\\notebook.ts": 1774971584.2130437,
  "gateway\\src\\db\\repositories\\notification.ts": 1775999916.7489054,
  "gateway\\src\\db\\repositories\\pending-intent.ts": 1773889379.8422425,
  "gateway\\src\\db\\repositories\\record-compile.test.ts": 1775742206.0505116,
  "gateway\\src\\db\\repositories\\record.ts": 1776071279.297605,
  "gateway\\src\\db\\repositories\\review.ts": 1773889379.8432498,
  "gateway\\src\\db\\repositories\\skill-config.ts": 1774971664.460044,
  "gateway\\src\\db\\repositories\\soul.ts": 1774971616.8553522,
  "gateway\\src\\db\\repositories\\subscription.ts": 1775663472.4499745,
  "gateway\\src\\db\\repositories\\summary.ts": 1774320312.2624328,
  "gateway\\src\\db\\repositories\\tag.ts": 1775489459.747004,
  "gateway\\src\\db\\repositories\\todo-dedup-l0.test.ts": 1775478885.1106212,
  "gateway\\src\\db\\repositories\\todo-dedup.test.ts": 1774884299.1195228,
  "gateway\\src\\db\\repositories\\todo.test.ts": 1775841562.6429422,
  "gateway\\src\\db\\repositories\\todo.ts": 1776071255.827459,
  "gateway\\src\\db\\repositories\\transcript.ts": 1775643111.9838176,
  "gateway\\src\\db\\repositories\\user-agent.ts": 1775836337.8666055,
  "gateway\\src\\db\\repositories\\user-profile.test.ts": 1773889379.8457518,
  "gateway\\src\\db\\repositories\\user-profile.ts": 1775841212.3329537,
  "gateway\\src\\db\\repositories\\vocabulary.ts": 1774884299.1195228,
  "gateway\\src\\db\\repositories\\wiki-page-link.test.ts": 1775922069.1309223,
  "gateway\\src\\db\\repositories\\wiki-page-link.ts": 1776071268.6153133,
  "gateway\\src\\db\\repositories\\wiki-page-record.test.ts": 1775960232.8082147,
  "gateway\\src\\db\\repositories\\wiki-page-record.ts": 1776072385.2473822,
  "gateway\\src\\db\\repositories\\wiki-page.test.ts": 1776071548.63467,
  "gateway\\src\\db\\repositories\\wiki-page.ts": 1776071189.9524355,
  "gateway\\src\\diary\\manager.test.ts": 1776001804.8359942,
  "gateway\\src\\diary\\manager.ts": 1776001632.9436593,
  "gateway\\src\\handlers\\asr.ts": 1775998477.016557,
  "gateway\\src\\handlers\\chat-compression.test.ts": 1775479939.5413592,
  "gateway\\src\\handlers\\chat-compression.ts": 1775479927.1053882,
  "gateway\\src\\handlers\\chat-daily-diary.test.ts": 1775480172.8559296,
  "gateway\\src\\handlers\\chat-daily-diary.ts": 1775480189.241104,